{
  "id": "5cc1e9ab-6395-4fd6-8749-d1e6a5ca072d",
  "prevId": "00000000-0000-0000-0000-000000000000",
  "version": "7",
  "dialect": "postgresql",
  "tables": {
    "public.equipment": {
      "name": "equipment",
      "schema": "",
      "columns": {
        "id": {
          "name": "id",
          "type": "varchar",
          "primaryKey": true,
          "notNull": true,
          "default": "gen_random_uuid()"
        },
        "name": {
          "name": "name",
          "type": "text",
          "primaryKey": false,
          "notNull": true
        },
        "category": {
          "name": "category",
          "type": "text",
          "primaryKey": false,
          "notNull": false
        },
        "display_order": {
          "name": "display_order",
          "type": "integer",
          "primaryKey": false,
          "notNull": true,
          "default": 0
        },
        "created_at": {
          "name": "created_at",
          "type": "timestamp",
          "primaryKey": false,
          "notNull": false,
          "default": "now()"
        }
      },
      "indexes": {},
      "foreignKeys": {},
      "compositePrimaryKeys": {},
      "uniqueConstraints": {
        "equipment_name_unique": {
          "name": "equipment_name_unique",
          "nullsNotDistinct": false,
          "columns": [
            "name"
          ]
        }
      },
      "policies": {},
      "checkConstraints": {},
      "isRLSEnabled": false
    },
    "public.exercises": {
      "name": "exercises",
      "schema": "",
      "columns": {
        "id": {
          "name": "id",
          "type": "varchar",
          "primaryKey": true,
          "notNull": true,
          "default": "gen_random_uuid()"
        },
        "name": {
          "name": "name",
          "type": "text",
          "primaryKey": false,
          "notNull": true
        },
        "description": {
          "name": "description",
          "type": "text",
          "primaryKey": false,
          "notNull": false
        },
        "movement_pattern": {
          "name": "movement_pattern",
          "type": "text",
          "primaryKey": false,
          "notNull": true
        },
        "equipment": {
          "name": "equipment",
          "type": "text[]",
          "primaryKey": false,
          "notNull": true
        },
        "difficulty": {
          "name": "difficulty",
          "type": "text",
          "primaryKey": false,
          "notNull": true
        },
        "primary_muscles": {
          "name": "primary_muscles",
          "type": "text[]",
          "primaryKey": false,
          "notNull": true
        },
        "secondary_muscles": {
          "name": "secondary_muscles",
          "type": "text[]",
          "primaryKey": false,
          "notNull": false
        },
        "exercise_category": {
          "name": "exercise_category",
          "type": "text",
          "primaryKey": false,
          "notNull": true
        },
        "is_corrective": {
          "name": "is_corrective",
          "type": "integer",
          "primaryKey": false,
          "notNull": true,
          "default": 0
        },
        "is_olympic_lift": {
          "name": "is_olympic_lift",
          "type": "integer",
          "primaryKey": false,
          "notNull": true,
          "default": 0
        },
        "tracking_type": {
          "name": "tracking_type",
          "type": "text",
          "primaryKey": false,
          "notNull": true,
          "default": "'reps'"
        },
        "recommended_tempo": {
          "name": "recommended_tempo",
          "type": "text",
          "primaryKey": false,
          "notNull": false
        },
        "video_url": {
          "name": "video_url",
          "type": "text",
          "primaryKey": false,
          "notNull": false
        },
        "form_tips": {
          "name": "form_tips",
          "type": "text[]",
          "primaryKey": false,
          "notNull": false
        }
      },
      "indexes": {},
      "foreignKeys": {},
      "compositePrimaryKeys": {},
      "uniqueConstraints": {},
      "policies": {},
      "checkConstraints": {},
      "isRLSEnabled": false
    },
    "public.fitness_assessments": {
      "name": "fitness_assessments",
      "schema": "",
      "columns": {
        "id": {
          "name": "id",
          "type": "varchar",
          "primaryKey": true,
          "notNull": true,
          "default": "gen_random_uuid()"
        },
        "user_id": {
          "name": "user_id",
          "type": "varchar",
          "primaryKey": false,
          "notNull": true
        },
        "test_date": {
          "name": "test_date",
          "type": "timestamp",
          "primaryKey": false,
          "notNull": true,
          "default": "now()"
        },
        "experience_level": {
          "name": "experience_level",
          "type": "text",
          "primaryKey": false,
          "notNull": false
        },
        "pushups": {
          "name": "pushups",
          "type": "integer",
          "primaryKey": false,
          "notNull": false
        },
        "pike_pushups": {
          "name": "pike_pushups",
          "type": "integer",
          "primaryKey": false,
          "notNull": false
        },
        "pullups": {
          "name": "pullups",
          "type": "integer",
          "primaryKey": false,
          "notNull": false
        },
        "squats": {
          "name": "squats",
          "type": "integer",
          "primaryKey": false,
          "notNull": false
        },
        "walking_lunges": {
          "name": "walking_lunges",
          "type": "integer",
          "primaryKey": false,
          "notNull": false
        },
        "single_leg_rdl": {
          "name": "single_leg_rdl",
          "type": "integer",
          "primaryKey": false,
          "notNull": false
        },
        "plank_hold": {
          "name": "plank_hold",
          "type": "integer",
          "primaryKey": false,
          "notNull": false
        },
        "mile_time": {
          "name": "mile_time",
          "type": "real",
          "primaryKey": false,
          "notNull": false
        },
        "squat_1rm": {
          "name": "squat_1rm",
          "type": "real",
          "primaryKey": false,
          "notNull": false
        },
        "deadlift_1rm": {
          "name": "deadlift_1rm",
          "type": "real",
          "primaryKey": false,
          "notNull": false
        },
        "bench_press_1rm": {
          "name": "bench_press_1rm",
          "type": "real",
          "primaryKey": false,
          "notNull": false
        },
        "overhead_press_1rm": {
          "name": "overhead_press_1rm",
          "type": "real",
          "primaryKey": false,
          "notNull": false
        },
        "barbell_row_1rm": {
          "name": "barbell_row_1rm",
          "type": "real",
          "primaryKey": false,
          "notNull": false
        },
        "dumbbell_lunge_1rm": {
          "name": "dumbbell_lunge_1rm",
          "type": "real",
          "primaryKey": false,
          "notNull": false
        },
        "farmers_carry_1rm": {
          "name": "farmers_carry_1rm",
          "type": "real",
          "primaryKey": false,
          "notNull": false
        },
        "horizontal_push_override": {
          "name": "horizontal_push_override",
          "type": "text",
          "primaryKey": false,
          "notNull": false
        },
        "vertical_push_override": {
          "name": "vertical_push_override",
          "type": "text",
          "primaryKey": false,
          "notNull": false
        },
        "vertical_pull_override": {
          "name": "vertical_pull_override",
          "type": "text",
          "primaryKey": false,
          "notNull": false
        },
        "horizontal_pull_override": {
          "name": "horizontal_pull_override",
          "type": "text",
          "primaryKey": false,
          "notNull": false
        },
        "lower_body_override": {
          "name": "lower_body_override",
          "type": "text",
          "primaryKey": false,
          "notNull": false
        },
        "hinge_override": {
          "name": "hinge_override",
          "type": "text",
          "primaryKey": false,
          "notNull": false
        },
        "core_override": {
          "name": "core_override",
          "type": "text",
          "primaryKey": false,
          "notNull": false
        },
        "rotation_override": {
          "name": "rotation_override",
          "type": "text",
          "primaryKey": false,
          "notNull": false
        },
        "carry_override": {
          "name": "carry_override",
          "type": "text",
          "primaryKey": false,
          "notNull": false
        },
        "cardio_override": {
          "name": "cardio_override",
          "type": "text",
          "primaryKey": false,
          "notNull": false
        }
      },
      "indexes": {},
      "foreignKeys": {},
      "compositePrimaryKeys": {},
      "uniqueConstraints": {},
      "policies": {},
      "checkConstraints": {},
      "isRLSEnabled": false
    },
    "public.program_exercises": {
      "name": "program_exercises",
      "schema": "",
      "columns": {
        "id": {
          "name": "id",
          "type": "varchar",
          "primaryKey": true,
          "notNull": true,
          "default": "gen_random_uuid()"
        },
        "workout_id": {
          "name": "workout_id",
          "type": "varchar",
          "primaryKey": false,
          "notNull": true
        },
        "exercise_id": {
          "name": "exercise_id",
          "type": "varchar",
          "primaryKey": false,
          "notNull": true
        },
        "equipment": {
          "name": "equipment",
          "type": "text",
          "primaryKey": false,
          "notNull": false
        },
        "order_index": {
          "name": "order_index",
          "type": "integer",
          "primaryKey": false,
          "notNull": true
        },
        "sets": {
          "name": "sets",
          "type": "integer",
          "primaryKey": false,
          "notNull": true
        },
        "reps_min": {
          "name": "reps_min",
          "type": "integer",
          "primaryKey": false,
          "notNull": false
        },
        "reps_max": {
          "name": "reps_max",
          "type": "integer",
          "primaryKey": false,
          "notNull": false
        },
        "recommended_weight": {
          "name": "recommended_weight",
          "type": "real",
          "primaryKey": false,
          "notNull": false
        },
        "duration_seconds": {
          "name": "duration_seconds",
          "type": "integer",
          "primaryKey": false,
          "notNull": false
        },
        "work_seconds": {
          "name": "work_seconds",
          "type": "integer",
          "primaryKey": false,
          "notNull": false
        },
        "rest_seconds": {
          "name": "rest_seconds",
          "type": "integer",
          "primaryKey": false,
          "notNull": true
        },
        "tempo": {
          "name": "tempo",
          "type": "text",
          "primaryKey": false,
          "notNull": false
        },
        "target_rpe": {
          "name": "target_rpe",
          "type": "integer",
          "primaryKey": false,
          "notNull": false
        },
        "target_rir": {
          "name": "target_rir",
          "type": "integer",
          "primaryKey": false,
          "notNull": false
        },
        "notes": {
          "name": "notes",
          "type": "text",
          "primaryKey": false,
          "notNull": false
        },
        "superset_group": {
          "name": "superset_group",
          "type": "text",
          "primaryKey": false,
          "notNull": false
        },
        "superset_order": {
          "name": "superset_order",
          "type": "integer",
          "primaryKey": false,
          "notNull": false
        }
      },
      "indexes": {},
      "foreignKeys": {},
      "compositePrimaryKeys": {},
      "uniqueConstraints": {},
      "policies": {},
      "checkConstraints": {},
      "isRLSEnabled": false
    },
    "public.program_workouts": {
      "name": "program_workouts",
      "schema": "",
      "columns": {
        "id": {
          "name": "id",
          "type": "varchar",
          "primaryKey": true,
          "notNull": true,
          "default": "gen_random_uuid()"
        },
        "program_id": {
          "name": "program_id",
          "type": "varchar",
          "primaryKey": false,
          "notNull": true
        },
        "day_of_week": {
          "name": "day_of_week",
          "type": "integer",
          "primaryKey": false,
          "notNull": false
        },
        "workout_index": {
          "name": "workout_index",
          "type": "integer",
          "primaryKey": false,
          "notNull": false
        },
        "workout_name": {
          "name": "workout_name",
          "type": "text",
          "primaryKey": false,
          "notNull": true
        },
        "movement_focus": {
          "name": "movement_focus",
          "type": "text[]",
          "primaryKey": false,
          "notNull": true
        },
        "workout_type": {
          "name": "workout_type",
          "type": "text",
          "primaryKey": false,
          "notNull": false
        }
      },
      "indexes": {},
      "foreignKeys": {},
      "compositePrimaryKeys": {},
      "uniqueConstraints": {},
      "policies": {},
      "checkConstraints": {},
      "isRLSEnabled": false
    },
    "public.sessions": {
      "name": "sessions",
      "schema": "",
      "columns": {
        "sid": {
          "name": "sid",
          "type": "varchar",
          "primaryKey": true,
          "notNull": true
        },
        "sess": {
          "name": "sess",
          "type": "json",
          "primaryKey": false,
          "notNull": true
        },
        "expire": {
          "name": "expire",
          "type": "timestamp",
          "primaryKey": false,
          "notNull": true
        }
      },
      "indexes": {
        "IDX_session_expire": {
          "name": "IDX_session_expire",
          "columns": [
            {
              "expression": "expire",
              "isExpression": false,
              "asc": true,
              "nulls": "last"
            }
          ],
          "isUnique": false,
          "concurrently": false,
          "method": "btree",
          "with": {}
        }
      },
      "foreignKeys": {},
      "compositePrimaryKeys": {},
      "uniqueConstraints": {},
      "policies": {},
      "checkConstraints": {},
      "isRLSEnabled": false
    },
    "public.users": {
      "name": "users",
      "schema": "",
      "columns": {
        "id": {
          "name": "id",
          "type": "varchar",
          "primaryKey": true,
          "notNull": true,
          "default": "gen_random_uuid()"
        },
        "email": {
          "name": "email",
          "type": "varchar",
          "primaryKey": false,
          "notNull": false
        },
        "first_name": {
          "name": "first_name",
          "type": "varchar",
          "primaryKey": false,
          "notNull": false
        },
        "last_name": {
          "name": "last_name",
          "type": "varchar",
          "primaryKey": false,
          "notNull": false
        },
        "profile_image_url": {
          "name": "profile_image_url",
          "type": "varchar",
          "primaryKey": false,
          "notNull": false
        },
        "subscription_tier": {
          "name": "subscription_tier",
          "type": "text",
          "primaryKey": false,
          "notNull": true,
          "default": "'free'"
        },
        "height": {
          "name": "height",
          "type": "real",
          "primaryKey": false,
          "notNull": false
        },
        "weight": {
          "name": "weight",
          "type": "real",
          "primaryKey": false,
          "notNull": false
        },
        "date_of_birth": {
          "name": "date_of_birth",
          "type": "timestamp",
          "primaryKey": false,
          "notNull": false
        },
        "bmr": {
          "name": "bmr",
          "type": "integer",
          "primaryKey": false,
          "notNull": false
        },
        "target_calories": {
          "name": "target_calories",
          "type": "integer",
          "primaryKey": false,
          "notNull": false
        },
        "nutrition_goal": {
          "name": "nutrition_goal",
          "type": "text",
          "primaryKey": false,
          "notNull": false
        },
        "unit_preference": {
          "name": "unit_preference",
          "type": "text",
          "primaryKey": false,
          "notNull": true,
          "default": "'imperial'"
        },
        "equipment": {
          "name": "equipment",
          "type": "text[]",
          "primaryKey": false,
          "notNull": false
        },
        "workout_duration": {
          "name": "workout_duration",
          "type": "integer",
          "primaryKey": false,
          "notNull": false
        },
        "days_per_week": {
          "name": "days_per_week",
          "type": "integer",
          "primaryKey": false,
          "notNull": false
        },
        "selected_days": {
          "name": "selected_days",
          "type": "integer[]",
          "primaryKey": false,
          "notNull": false
        },
        "selected_dates": {
          "name": "selected_dates",
          "type": "text[]",
          "primaryKey": false,
          "notNull": false
        },
        "cycle_number": {
          "name": "cycle_number",
          "type": "integer",
          "primaryKey": false,
          "notNull": false,
          "default": 1
        },
        "total_workouts_completed": {
          "name": "total_workouts_completed",
          "type": "integer",
          "primaryKey": false,
          "notNull": false,
          "default": 0
        },
        "fitness_level": {
          "name": "fitness_level",
          "type": "text",
          "primaryKey": false,
          "notNull": false
        },
        "created_at": {
          "name": "created_at",
          "type": "timestamp",
          "primaryKey": false,
          "notNull": false,
          "default": "now()"
        },
        "updated_at": {
          "name": "updated_at",
          "type": "timestamp",
          "primaryKey": false,
          "notNull": false,
          "default": "now()"
        }
      },
      "indexes": {},
      "foreignKeys": {},
      "compositePrimaryKeys": {},
      "uniqueConstraints": {
        "users_email_unique": {
          "name": "users_email_unique",
          "nullsNotDistinct": false,
          "columns": [
            "email"
          ]
        }
      },
      "policies": {},
      "checkConstraints": {},
      "isRLSEnabled": false
    },
    "public.workout_programs": {
      "name": "workout_programs",
      "schema": "",
      "columns": {
        "id": {
          "name": "id",
          "type": "varchar",
          "primaryKey": true,
          "notNull": true,
          "default": "gen_random_uuid()"
        },
        "user_id": {
          "name": "user_id",
          "type": "varchar",
          "primaryKey": false,
          "notNull": true
        },
        "created_date": {
          "name": "created_date",
          "type": "timestamp",
          "primaryKey": false,
          "notNull": true,
          "default": "now()"
        },
        "fitness_assessment_id": {
          "name": "fitness_assessment_id",
          "type": "varchar",
          "primaryKey": false,
          "notNull": false
        },
        "program_type": {
          "name": "program_type",
          "type": "text",
          "primaryKey": false,
          "notNull": true
        },
        "weekly_structure": {
          "name": "weekly_structure",
          "type": "text",
          "primaryKey": false,
          "notNull": true
        },
        "duration_weeks": {
          "name": "duration_weeks",
          "type": "integer",
          "primaryKey": false,
          "notNull": true
        },
        "intensity_level": {
          "name": "intensity_level",
          "type": "text",
          "primaryKey": false,
          "notNull": true,
          "default": "'moderate'"
        },
        "is_active": {
          "name": "is_active",
          "type": "integer",
          "primaryKey": false,
          "notNull": true,
          "default": 1
        },
        "archived_date": {
          "name": "archived_date",
          "type": "timestamp",
          "primaryKey": false,
          "notNull": false
        },
        "archived_reason": {
          "name": "archived_reason",
          "type": "text",
          "primaryKey": false,
          "notNull": false
        }
      },
      "indexes": {},
      "foreignKeys": {},
      "compositePrimaryKeys": {},
      "uniqueConstraints": {},
      "policies": {},
      "checkConstraints": {},
      "isRLSEnabled": false
    },
    "public.workout_sessions": {
      "name": "workout_sessions",
      "schema": "",
      "columns": {
        "id": {
          "name": "id",
          "type": "varchar",
          "primaryKey": true,
          "notNull": true,
          "default": "gen_random_uuid()"
        },
        "user_id": {
          "name": "user_id",
          "type": "varchar",
          "primaryKey": false,
          "notNull": true
        },
        "program_workout_id": {
          "name": "program_workout_id",
          "type": "varchar",
          "primaryKey": false,
          "notNull": false
        },
        "workout_name": {
          "name": "workout_name",
          "type": "text",
          "primaryKey": false,
          "notNull": false
        },
        "session_date": {
          "name": "session_date",
          "type": "timestamp",
          "primaryKey": false,
          "notNull": true,
          "default": "now()"
        },
        "scheduled_date": {
          "name": "scheduled_date",
          "type": "date",
          "primaryKey": false,
          "notNull": false
        },
        "session_day_of_week": {
          "name": "session_day_of_week",
          "type": "integer",
          "primaryKey": false,
          "notNull": false
        },
        "session_type": {
          "name": "session_type",
          "type": "text",
          "primaryKey": false,
          "notNull": true,
          "default": "'rest'"
        },
        "workout_type": {
          "name": "workout_type",
          "type": "text",
          "primaryKey": false,
          "notNull": false
        },
        "status": {
          "name": "status",
          "type": "text",
          "primaryKey": false,
          "notNull": true,
          "default": "'scheduled'"
        },
        "duration_minutes": {
          "name": "duration_minutes",
          "type": "integer",
          "primaryKey": false,
          "notNull": false
        },
        "elapsed_seconds": {
          "name": "elapsed_seconds",
          "type": "integer",
          "primaryKey": false,
          "notNull": false
        },
        "calories_burned": {
          "name": "calories_burned",
          "type": "integer",
          "primaryKey": false,
          "notNull": false
        },
        "notes": {
          "name": "notes",
          "type": "text",
          "primaryKey": false,
          "notNull": false
        },
        "is_archived": {
          "name": "is_archived",
          "type": "integer",
          "primaryKey": false,
          "notNull": true,
          "default": 0
        }
      },
      "indexes": {
        "unique_user_date_session": {
          "name": "unique_user_date_session",
          "columns": [
            {
              "expression": "user_id",
              "isExpression": false,
              "asc": true,
              "nulls": "last"
            },
            {
              "expression": "scheduled_date",
              "isExpression": false,
              "asc": true,
              "nulls": "last"
            },
            {
              "expression": "is_archived",
              "isExpression": false,
              "asc": true,
              "nulls": "last"
            }
          ],
          "isUnique": true,
          "concurrently": false,
          "method": "btree",
          "with": {}
        }
      },
      "foreignKeys": {},
      "compositePrimaryKeys": {},
      "uniqueConstraints": {},
      "policies": {},
      "checkConstraints": {},
      "isRLSEnabled": false
    },
    "public.workout_sets": {
      "name": "workout_sets",
      "schema": "",
      "columns": {
        "id": {
          "name": "id",
          "type": "varchar",
          "primaryKey": true,
          "notNull": true,
          "default": "gen_random_uuid()"
        },
        "session_id": {
          "name": "session_id",
          "type": "varchar",
          "primaryKey": false,
          "notNull": true
        },
        "program_exercise_id": {
          "name": "program_exercise_id",
          "type": "varchar",
          "primaryKey": false,
          "notNull": true
        },
        "set_number": {
          "name": "set_number",
          "type": "integer",
          "primaryKey": false,
          "notNull": true
        },
        "weight": {
          "name": "weight",
          "type": "real",
          "primaryKey": false,
          "notNull": false
        },
        "reps": {
          "name": "reps",
          "type": "integer",
          "primaryKey": false,
          "notNull": false
        },
        "rir": {
          "name": "rir",
          "type": "integer",
          "primaryKey": false,
          "notNull": false
        },
        "duration_seconds": {
          "name": "duration_seconds",
          "type": "integer",
          "primaryKey": false,
          "notNull": false
        },
        "completed": {
          "name": "completed",
          "type": "integer",
          "primaryKey": false,
          "notNull": true,
          "default": 0
        },
        "timestamp": {
          "name": "timestamp",
          "type": "timestamp",
          "primaryKey": false,
          "notNull": true,
          "default": "now()"
        }
      },
      "indexes": {},
      "foreignKeys": {},
      "compositePrimaryKeys": {},
      "uniqueConstraints": {},
      "policies": {},
      "checkConstraints": {},
      "isRLSEnabled": false
    }
  },
  "enums": {},
  "schemas": {},
  "sequences": {},
  "roles": {},
  "policies": {},
  "views": {},
  "_meta": {
    "columns": {},
    "schemas": {},
    "tables": {}
  }
}